{"cameraMode":{"drawMode":0,"name":"Shaded","section":"Shading Mode"},"sceneLighting":true,"audioPlay":false,"sceneViewState":{"m_AlwaysRefresh":false,"showFog":true,"showSkybox":true,"showFlares":true,"showImageEffects":true,"showParticleSystems":true,"showVisualEffectGraphs":true,"m_FxEnabled":true},"in2DMode":false,"pivot":{"x":26.336742401123048,"y":2.8445136547088625,"z":29.21709632873535},"rotation":{"x":0.16924449801445008,"y":0.3314063847064972,"z":-0.06027098000049591,"w":0.9263888001441956},"size":0.8660253882408142,"orthographic":false}