{"cameraMode":{"drawMode":0,"name":"Shaded","section":"Shading Mode"},"sceneLighting":true,"audioPlay":false,"sceneViewState":{"m_AlwaysRefresh":false,"showFog":true,"showSkybox":true,"showFlares":true,"showImageEffects":true,"showParticleSystems":true,"showVisualEffectGraphs":true,"m_FxEnabled":true},"in2DMode":false,"pivot":{"x":18.708980560302736,"y":161.17417907714845,"z":27.341299057006837},"rotation":{"x":-0.12181125581264496,"y":-0.4100329577922821,"z":0.05450410768389702,"w":-0.902558445930481},"size":0.47307872772216799,"orthographic":false}